ABBREVIATION,NAME,QUANTITY,UNIT
DG01,FLOUR,1,BAG
DG02,SUGAR,1,BAG
DG03,LIGHT_BROWN_SUGAR,1,BAG
DG04,DARK_BROWN_SUGAR,1,BAG
DG05,POWDERED_SUGAR,1,BAG



DG06,SPLENDA,1,BOX
DG07,INSTANT_COFFEE,4,OZ
DG08,INSTANT_ESPRESSO,2,OZ
DG09,RISHI_JASMINE_GREEN,4,OZ
DG10,RISHI_EARL_GREY,4,OZ
DG11,TEA_TUMERIC_GINGER,1.13,OZ


DG12,MASECA,4,LB




SA01,FRANKS_RED_HOT,1,BOTTLE
SA02,RICE_VINEGAR,1,BOTTLE
SA03,WORCESTERSHIRE,1,BOTTLE


SP01,CELERY_SALT,3,OZ
SP02,TAJIN,5,OZ
SP03,CARAWAY_SEED,0.9,OZ
SP04,THYME,1.25,OZ
SP05,ANCHO_CHILI_POWDER,1,JAR
SP06,ONION_POWDER,2.6,OZ
SP07,CHILI_POWDER,4.375,OZ
SP08,CORRIDANDER,1.75,OZ
SP09,OLD_BAY,6,OZ
SP10,STEAK_RUB_HOMEMADE,1,JAR
SP11,CAJUN_SEASONING_HOMEMADE,1,JAR
SP12,GROUND_CINNAMON,4.12,OZ
SP13,CINNAMON_STICKS,1.25,OZ
SP14,DRIED_FENUGREEK,1,OZ
SP15,GARAM_MASALA,1.9,OZ
SP16,DARK_CHILI,7.5,OZ
SP17,BAY_LEAVES,0.14,OZ
SP18,WHOLE_ALLSPACE,1.5,OZ
SP19,GROUND_ALLSPICE,3,OZ
SP20,PARSLEY,0.82,OZ
SP21,RED_CAYENNE_PEPPER,5.5,OZ